"b","S","","","",""
"b","QO","","","ij",""
"b","QO","}","","^",""
"b","PV","ACXXP[g","[","iJ^j",""
"b","PQ","ACXzbP[","ق[","iJ^j",""
"b","OU","","","","Ԃ̈Ӗ"
"b","PO","","","",""
"b","OR","ACfBAiACfAj","ł","iJ^j",""
"b","QO","`","","ij",""
"b","PU","","","",""
"b","PV","Ԃۂ","ۂ","`eij",""
"b","PV","Oۂ","ۂ","`eij",""
"b","PV","O","","",""
"b","QO","","","^",""
"b","OU","ANZ","","iJ^j",""
"b","PU","","","","~J"
"b","OQ","","","",""
"b","PR","","","",""
"b","QO","r","","","rg"
"b","OQ","","","",""
"b","PV","","","",""
"b","P","t","","^",""
"b","PW","키","키","",""
"b","OU","","","^",""
"b","PT","a","","",""
"b","OQ","","","",""
"b","OP","^","","",""
"b","PS","܂","܂","",""
"b","PQ","","","","Y"
"b","OW","","","","\zA"
"b","R","","","",""
"b","R","","","",""
"b","PQ","","","",""
"b","PX","ƂԂ","Ƃ܂","ij",""
"b","PQ","","","",""
"b","OW","Ă","Ă","","\zA𓖂ĂA𓖂Ă"
"b","PX","AhoCX","ǂ΂","^iJ^j",""
"b","QO","","","",""
"b","OS","AiEX","Ȃ","^iJ^j",""
"b","PV","","Ԃ","",""
"b","PV","ۂ","Ԃۂ","`eij",""
"b","S","Â","܂","`e","`ɊÂ"
"b","PT","J","܂","",""
"b","OS","A}`A","܂゠","iJ^j",""
"b","PQ","Â","܂","",""
"b","PR","AJtbg{[","߂肩ӂƂځ[","iJ^j",""
"b","P","","₵","`e",""
"b","PO","߂","炽߂","",""
"b","OQ","\E\킷","킷","",""
"b","PO","E","","",""
"b","OQ","A","","","a"
"b","bR","L","肪","`e",""
"b","OT","x","Ă","ij",""
"b","OQ","킹","킹","","w킹"
"b","PW","ĊO","񂪂","",""
"b","OT","AP[g","񂯁[","iJ^j",""
"b","PW","Ă̒","̂傤","",""
"b","QO","","","ij",""
"b","PX","","","ij",""
"b","QO","ԈႢ","܂","",""
"b","OQ","ƒ","イ","",""
"b","OP","CG[","[","iJ^j",""
"b","OS","ӊO","","Ȍ`e",""
"b","OV","`ȊO","","ڎiڔj",""
"b","OW","ӊOɂ","ɂ","",""
"b","bS","","","",""
"b","PU","ɂ","ɂ","",""
"b","OX","","","",""
"b","PO","i`ājiPj","","i@\j",""
"b","PR","i`ājiQj","","i@\j","AXyNg"
"b","PS","","","",""
"b","PV","ӎ","","^",""
"b","Q","ُ","傤","Ȍ`e",""
"b","R","ȑOíj","@","",""
"b","PQ","","","",""
"b","PQ","ɂ","","",""
"b","PW","߂","߂","","u߂"
"b","R","","","",""
"b","PP","ꕔ","","",""
"b","PP","ꐶ","傤","",""
"b","PQ","w","","",""
"b","OR","ς","ς","^",""
"b","PS","","ς","",""
"b","PR","ʓI","ςĂ","Ȍ`e",""
"b","S","ꕞ","Ղ","^",""
"b","PS","","ۂ","ڑ",""
"b","PP","","ۂ","","ǂ炩"
"b","PQ","Ƃ","Ƃ","",""
"b","OP","","","",""
"b","OR","ł","܂ł","",""
"b","OR","ł","܂ł","ij",""
"b","OP","܂","܂܂","ij",""
"b","OP","C[W","߁[","^iJ^j",""
"b","PS","炢","炢","i[ԁj",""
"b","OT","","傤","",""
"b","PQ","","","",""
"b","PQ","","","",""
"b","OX","^]","񂵂イĂ","@",""
"b","PU","C^r[","񂽂т[","iJ^j",""
"b","OP","ECXL[","[","iJ^j",""
"b","PS","ECX","邷","iJ^j",""
"b","QO","ECN","","^iJ^j",""
"b","OU","ECh[VbsO","ǁ[҂","^iJ^j",""
"b","PT","E[","[","iJ^j",""
"b","PR","","","",""
"b","PV","オ","","ij",""
"b","OQ","","","",""
"b","PV","p","낷","",""
"b","PV","Â","炢","`e",""
"b","OT","","","","Q́|"
"b","QO","","","",""
"b","OV","","","`e",""
"b","OQ","r","","",""
"b","OU","Ƃ","Ƃ","i[ԁj",""
"b","QO","Ȃ","Ȃ","",""
"b","PX","܂","܂","",""
"b","PQ","܂","܂","",""
"b","OT","߂","߂","",""
"b","PV","","炪","p",""
"b","PW","؂","炬","",""
"b","OW","肢","Ȃ","",""
"b","OW","肢t","Ȃ","",""
"b","PT","肤@","Ȃ","",""
"b","PW","グ","肠","",""
"b","PU","J","傤","",""
"b","OW","^","","",""
"b","OR","^","񂿂","",""
"b","OU","^]","Ă񂵂","",""
"b","OP","e","傤","^",""
"b","OX","q","ق","",""
"b","OX","h{","悤","",""
"b","PS","Ί","","",""
"b","OU","SFf","ӂ","",""
"b","PT","GXjbNij","ɂ傤","iJ^j",""
"b","PS","NKiזEj","ʂڂ","iŗLj",""
"b","PQ","G[g","[","iJ^j",""
"b","OX","","","",""
"b","OT","~","","","`"
"b","PQ","Z","","^",""
"b","PT","|","񂰂","",""
"b","PX","","","",""
"b","OU","GXg","񂷂","^iJ^j",""
"b","PV","t","񂻂","^",""
"b","OW","`~","񂾂܁@","ڎiڔj",""
"b","OW","","","^",""
"b","bV","","","i`^j",""
"b","PU","J","","",""
"b","PW","","","","u|̗\zv"
"b","OT","","傤","iŗLj",""
"b","PW","I[o[","[΁[","Ȍ`e","֒"
"b","QO","I[o[","[΁[","^iJ^j",""
"b","PT","΂","΂","^Ȍ`e",""
"b","PQ","","ނ","",""
"b","bW","Ɓij","ij","",""
"b","OX","@","䂫","",""
"b","OR","","˂","",""
"b","PW","","","^",""
"b","PV","{ۂ","ۂ","`eij",""
"b","OU","N","","","̂N"
"b","bP","{","","",""
"b","PV","","","",""
"b","OQ","","","^",""
"b","OP","ז܂","܂܂","p",""
"b","PW","","","",""
"b","bQ","","ꂢ","@",""
"b","PT","","","",""
"b","QO","݂","","",""
"b","bT","݂l@","","",""
"b","PV","","","",""
"b","OQ","ł","ł","",""
"b","OR","N","Ƃ","",""
"b","PS","K","Ƃ","",""
"b","OQ","l","Ƃ","",""
"b","PO","ƂȂ","ƂȂ","`e",""
"b","PV","lۂ","ƂȂۂ","`eij",""
"b","OS","","ǂ낭","",""
"b","OQ","S","","",""
"b","PW","","ɂ","",""
"b","PU","ɂ","ɂ","",""
"b","OQ","S","ɂ","",""
"b","PQ","тт","т","",""
"b","S","ItBX","ӂ","iJ^j",""
"b","OX","~","ڂ","",""
"b","PS","v؂","","",""
"b","OR","v","","",""
"b","PQ","d","","",""
"b","PO","v킸","킸","",""
"b","S","eq","₱","",""
"b","S","","","",""
"b","OQ","ew","","",""
"b","OR","IsbN","҂","iJ^j",""
"b","PR","","ꂢ","",""
"b","OP","IW","","","F"
"b","OU","`I","","i@\j",""
"b","Q","","񂵂","",""
"b","Q","g","񂾂","",""
"b","Q","x","","",""
"b","bQ","","","^",""
"b","R","Oo","","^",""
"b","PQ","C","","",""
"b","PX","`","","ڎiڔj",""
"b","OQ","idԁj","","",""
"b","QO","K","Ă","Ȍ`e",""
"b","R","","ʂ","",""
"b","bP","","","",""
"b","OP","JE^[","񂽁[","iJ^j",""
"b","PP","","","",""
"b","OU","ウ","","",""
"b","PQ","","","",""
"b","OV","","","",""
"b","PX","w","","",""
"b","PQ","w","傤݂傤","",""
"b","PX","ȊwI","Ă","Ȍ`e",""
"b","OQ","","","",""
"b","PS","","","",""
"b","PQ","i","","",""
"b","QO","wK","イ","^",""
"b","PS","B","","",""
"b","OQ","en","","",""
"b","PQ","iZ","Ƃ","",""
"b","OR","w","","",""
"b","PV","z","Ԃ","",""
"b","OR","w","ꂫ","",""
"b","PS","B","","",""
"b","PO","","","","Ԃ"
"b","OV","|","","","|Z"
"b","Q","ߋ","","",""
"b","PU","΍","","",""
"b","OV","dȂ","Ȃ","",""
"b","OV","d˂","˂","",""
"b","PU","ΎR","","",""
"b","Q","","","`e",""
"b","OW","","","",""
"b","OQ","","","",""
"b","OT","Б","","",""
"b","QO","荇","肠","ij",""
"b","PU","`","","ڎi@\j",""
"b","PV","ے","傤","",""
"b","OT","w","","",""
"b","bQ","","","`e",""
"b","OQ","wZ","イ","",""
"b","PO","","ς","Ȍ`e@",""
"b","PW","Jbv","Ղ","iJ^j",""
"b","P","","₭","^",""
"b","S","ƒ","Ă","",""
"b","PS","","","","΂ɕ"
"b","PQ","߂","Ȃ","",""
"b","OQ","Â","ȂÂ","",""
"b","QO","K","Ȃ炸","",""
"b","OR","","˂","",""
"b","OT","\","̂","Ȍ`e",""
"b","PU","","","",""
"b","PO","䖝","܂","^",""
"b","PS","^","݂","",""
"b","PP","_l","݂","",""
"b","R","݂","݂","",""
"b","PU","","݂Ȃ","",""
"b","PT","","݂","",""
"b","PR","J}","߂܂","iJ^j",""
"b","PS","炪","炪","Ȍ`e",""
"b","OQ","JX","炷","","G"
"b","OQ","̂","炾","",""
"b","PU","","","",""
"b","PR","","","",""
"b","PQ","h","","",""
"b","Q","","","",""
"b","PR","","イ","",""
"b","QO","y","邭","",""
"b","OU","K[W","[","iJ^j",""
"b","P","ނ","","",""
"b","OP","","킩","",""
"b","PR","쉺","킭","",""
"b","QO","","킷","","t킷"
"b","bQ","","","","i`́j"
"b","OU","","","",""
"b","OX","`","","ڎiڔj",""
"b","PS","K","","","a"
"b","bQ","l","񂪂","","lƂ"
"b","PS","񂩂","񂩂","i[ԁj",""
"b","PR","ϋq","񂫂Ⴍ","",""
"b","PX","","񂫂傤","",""
"b","OV","֌W","񂯂","",""
"b","OS","","","",""
"b","PS","όn","񂱂","",""
"b","PR","Ōw","񂲂","",""
"b","S","ώ@","񂳂","^",""
"b","PT","ӏ","񂵂傤","^",""
"b","OP","","񂶂","i`^j",""
"b","PX","S","񂵂","^",""
"b","PX","֐S","񂵂","",""
"b","PX","ւ","񂷂","",""
"b","OU","","񂹂","^",""
"b","QO","S","񂺂","",""
"b","OT","z","񂻂","",""
"b","PP","z","񂻂Ԃ","",""
"b","PU","֓inj","Ƃ","iŗLj",""
"b","bV","ٓ","Ȃ","",""
"b","bQ","]","ڂ","^",""
"b","OQ","aiTj","iĂj","",""
"b","OX","L[L[","[[","i[j",""
"b","OS","c","","",""
"b","OP","C","","",""
"b","OV","C","","p",""
"b","PX","Cy","","",""
"b","OT","","","",""
"b","Q","@","@","",""
"b","PS","","傤","",""
"b","PT","","","","N[["
"b","Q","C","","",""
"b","OU","A","","^",""
"b","OV","L","","","@"
"b","PR","Zt","","",""
"b","Q","Cہij","傤i傤j","",""
"b","OX","A","","^",""
"b","OW","","","^",""
"b","PS","A","","^",""
"b","bP","i","","^",""
"b","OQ","","","",""
"b","OS","Cɓ","ɂ","p",""
"b","OV","MlXubN","˂Ԃ","iŗLjiJ^j",""
"b","OT","LO","˂","^",""
"b","PP","̂","̂","",""
"b","bQ","]","ڂ","^",""
"b","OS","{I","قĂ","Ȍ`e",""
"b","PT","ij","܂ij","",""
"b","OQ","܂","܂","",""
"b","OX","`","","",""
"b","PX","^","","",""
"b","PS","M[M[","[[","i[j",""
"b","PX","t","Ⴍ","",""
"b","OW","Mu","Ԃ","iJ^j",""
"b","OT","","イ","",""
"b","OU","xe","イ","",""
"b","OU","xe","イ","",""
"b","PW","","イ","",""
"b","OU","}u[L","イԂ[","iJ^j",""
"b","OW","}p","イ悤","",""
"b","S","iƁj","","",""
"b","OR","Z","傤傤","",""
"b","PR","","傤","",""
"b","QO","K","傤イ","",""
"b","OV","","傤","^",""
"b","P","","傤傤","^",""
"b","P","","傤","^",""
"b","P","ʓ_","傤Ă","",""
"b","PW","s","傤","",""
"b","OS","","催傤","",""
"b","OU","","","",""
"b","PU","","","",""
"b","OV","L^","낭","",""
"b","OP","iFj","","",""
"b","OP","iFj","","",""
"b","OW","t","񂩂","",""
"b","OR","","","",""
"b","OR","","","",""
"b","OQ","O[`Lp[","[傫ρ[","","񂯂"
"b","PT","N[[","[[","iJ^j",""
"b","PQ","L","","`e",""
"b","PQ","","","",""
"b","PS","","","i[ԁj",""
"b","OQ","w","","",""
"b","PV","","","",""
"b","OR","̓I","Ă","Ȍ`e",""
"b","PR","","","",""
"b","OQ","΂","΂","",""
"b","OQ","O","т","",""
"b","OU","","","i[ԁj",""
"b","P","","","",""
"b","OQ","","","",""
"b","PV","","т","",""
"b","PP","ɂȂ","тɂȂ","p",""
"b","PQ","Hv","ӂ","^",""
"b","OQ","","ׂ","^",""
"b","OQ","g","","",""
"b","PT","_","","",""
"b","QO","NNV","炭","iJ^j",""
"b","PR","炷","炷","",""
"b","OX","OX","炷","iJ^j",""
"b","PX","NX","炷イ","iJ^j",""
"b","OQ","OtBbN","ӂ","iJ^j",""
"b","OP","ׂ","ׂ","",""
"b","OP","O[","[","iJ^j",""
"b","OV","JԂ","肩","",""
"b","PR","i`ājiQj","","i@\j","AXyNg"
"b","PO","i`ājiPj","","i@\j",""
"b","PX","","邤","",""
"b","R","Ԃ","܂","",""
"b","OP","O[","[","iJ^j",""
"b","PT","","남","",""
"b","PT","N[ilԁj","[ɂ񂰂","iJ^j",""
"b","PV","ۂ","ۂ","`eij",""
"b","OX","R","񂽂","",""
"b","R","P","","^",""
"b","OT","oc","","^",""
"b","OR","oc","","",""
"b","OR","v","","^",""
"b","OW","iC","","",""
"b","PV","Y","","",""
"b","bW","`","","",""
"b","OT","|p","","",""
"b","OQ","Q[","[","iJ^j",""
"b","OR","","傤","",""
"b","PT","","傤","^",""
"b","PX","QXg","","iJ^j",""
"b","PO","","","Ȍ`e",""
"b","PX","","","^",""
"b","PS","t","","",""
"b","OT","","","",""
"b","OR","","イ","",""
"b","OR","","","",""
"b","PV","","","",""
"b","OW","","傤","",""
"b","bU","","","^",""
"b","bP","","܂","",""
"b","PQ","","ނ","",""
"b","PS","炰","炰","i[ԁj",""
"b","OS","`ǁij","ǂ","ڑ",""
"b","PS","`","","ڎij",""
"b","OV","E","񂩂","",""
"b","OT","","","^",""
"b","OU","","񂴂","",""
"b","PR","","񂶂","",""
"b","PR","","񂵂傤","^",""
"b","QO","","Ƃ","^",""
"b","PP","q","","",""
"b","PQ","","","",""
"b","OX","","","",""
"b","PQ","qC","","^",""
"b","PX","","","^",""
"b","PX","Hw","","",""
"b","OX","ʓI","Ă","Ȍ`e",""
"b","OX","DS","","",""
"b","OS","","傤","",""
"b","OS","H","傤","",""
"b","PX","Z","","",""
"b","PT","H","","^",""
"b","PQ","","","",""
"b","PV","Odb","イł","",""
"b","PU","^","","",""
"b","OU","H","ǂ","",""
"b","PP","Z","傤","",""
"b","OR","ʔ","","",""
"b","R","s","ǂ","^",""
"b","OV","Z","Ȃ","",""
"b","OR","M","˂","",""
"b","PP","y","͂","",""
"b","PS","㔼","͂","",""
"b","PR","","ӂ","^",""
"b","OS","","ނ","",""
"b","PT","`","","ڎij","T"
"b","OX","R[h","[","iJ^j",""
"b","PO","R[i[","[ȁ[","iJ^j",""
"b","Q","X","","",""
"b","PR","","","",""
"b","OU","S[","[","^iJ^j",""
"b","OU","S[fEC[N","[ł񂤂[","iJ^j",""
"b","OP","S[h","[","iJ^j",""
"b","OX","","","^",""
"b","PV","Z","","",""
"b","PS","","","@",""
"b","OP","","","",""
"b","PU","","΂","",""
"b","PO","","݂","",""
"b","Q","AiۘAj","i񂲂j","",""
"b","PQ","ł","","",""
"b","PR","S","","",""
"b","OQ","","","",""
"b","QO","K","","",""
"b","OW","","","^",""
"b","OS","c","","",""
"b","OT","","","",""
"b","PQ","Ă","Ă","",""
"b","PU","قȂ","ƂȂ","",""
"b","OT","`Ƃ","Ƃ","ڎi@\j","POONƂ"
"b","PV","qۂ","ǂۂ","`eij",""
"b","PS","Ƃ킴","Ƃ킴","",""
"b","bS","f","Ƃ","",""
"b","OT","́i`Nj","","w","̂POON"
"b","PW","̕ł","̂Ԃł","ij",""
"b","R","ʂ","ׂ","",""
"b","PX","܂","܂","",""
"b","QO","R~jP[V","݂ɂ[","^iJ^j",""
"b","OQ","w","","",""
"b","PT","","炢","",""
"b","OX","","","",""
"b","PS","܂","܂","ij",""
"b","OV","","","w",""
"b","PS","E","낷","",""
"b","OX","","񂩂","",""
"b","PS","RN[","񂭁[","iJ^j",""
"b","Q","I","񂹂","",""
"b","OV","R^NgY","񂽂Ƃ","iJ^j",""
"b","OU","Rrj","т","iJ^j",""
"b","PU","U[U[iƁj","[[","i[j",""
"b","Q","ō","","",""
"b","PS","זE","ڂ","",""
"b","OR","","","",""
"b","S","t","","","t܂ɂ"
"b","R","","","Ȍ`e",""
"b","Q","","","","̂"
"b","P","","傤","^",""
"b","PR","쎌","","",""
"b","PT","N","˂","",""
"b","PS","","΂","@",""
"b","PV","i","Ђ","",""
"b","OW","`","","ڎij",""
"b","Q","앨","","",""
"b","PO","","","",""
"b","P","w","","",""
"b","PX","","","",""
"b","OR","","","",""
"b","PV","o","","^",""
"b","PR","ȉ","傭","",""
"b","OR","","","",""
"b","P","","","",""
"b","PV","ڂ","ڂ","",""
"b","OV","lX","܂","Ȍ`e",""
"b","PW","C","ނ","","C"
"b","PO","E","䂤","","lE"
"b","PQ","炴","炴","i[ԁj",""
"b","OR","","","",""
"b","OT","Opi`j","񂩂ij","",""
"b","OS","YƁ^`Y","񂬂傤","",""
"b","bQ","Ql","񂱂","","Qlɂ^Ȃ"
"b","PX","Z","񂷂","",""
"b","PQ","h","炢","`e",""
"b","OW","","","",""
"b","PX","w","","",""
"b","OT","lpi`j","ij","",""
"b","OP","lp","","`e",""
"b","PU","","","",""
"b","OR","","イ","",""
"b","PS","","","i[ԁj",""
"b","OX","h","","^",""
"b","PU","","","",""
"b","OX","","","",""
"b","bP","M","","",""
"b","OS","g","","",""
"b","R","{","","",""
"b","bQ","","","",""
"b","PO","]","","",""
"b","QO","","","^",""
"b","PW","","傤","",""
"b","OP","","","",""
"b","P","","","","\"
"b","R","","","i[ԁj",""
"b","Q","","","^",""
"b","R","","","",""
"b","R","","","",""
"b","PR","","","^",""
"b","P","ہiɁj","iɁj","",""
"b","P","ۂ","","",""
"b","PU","x","","",""
"b","PV","","Ȃ","",""
"b","OV","","","",""
"b","OR","","傭","",""
"b","OU","","ǂ","","^]"
"b","PX","","ǂ","",""
"b","OU","I","ǂĂ","",""
"b","PU","Ƃ","Ƃ","i[ԁj",""
"b","PW","΂炭","΂炭","ij",""
"b","PP","S","ڂ","^",""
"b","bQ","u]","ڂ","^",""
"b","OR","","܂","^",""
"b","P","s","݂","",""
"b","OT","","߂","",""
"b","OT","ߐ؂","߂","",""
"b","PU","߂","߂","i[ԁj",""
"b","PV","ۂ","߂ۂ","`eij",""
"b","PU","","߂","",""
"b","PR","n","","",""
"b","OS","Ј","Ⴂ","",""
"b","PX","Љl","Ⴉ","",""
"b","OU","Ԍ","Ⴑ","",""
"b","QO","Ԑ","Ⴙ","",""
"b","OS","ԓ","Ȃ","",""
"b","PQ","ׂ","ׂ","",""
"b","OX","ז","܂","",""
"b","OQ","񂯂","񂯂","",""
"b","OQ","u񂯂Aۂv","񂯂ۂ","\",""
"b","PR","`","イ","ڎij","PAQ"
"b","OU","`","イ","ڎi@\j","ԁiӒj"
"b","PS","T","イ","",""
"b","OX","@","イ傤","",""
"b","OS","]ƈ","イ傤","",""
"b","bU","W","イ","^",""
"b","PX","Cmے","イĂ","",""
"b","PP","AE","イ傭","^",""
"b","OX","a","イ","^",""
"b","PP","d","イ","Ȍ`e",""
"b","PU","WI","イイĂ","",""
"b","OU","`","イ","ڎi@\j","ԁiɁj"
"b","P","dv","イ悤","Ȍ`e",""
"b","PW","剉","ウ","^",""
"b","OR","Ɨ","ガ傤傤","",""
"b","PU","","サ傤","",""
"b","PO","l","ザ񂱂","",""
"b","PU","o","","^",""
"b","PP","oY","","^",""
"b","OU","o","","^",""
"b","PX","o","傤","^",""
"b","bP","og","","",""
"b","PP","o","","^",""
"b","OT","","݂傤","",""
"b","PQ","`","傤","ڎij","PAQ"
"b","OP","`","傤","ڎij",""
"b","PO","","傤","",""
"b","PX","w`N","傤`˂񂹂","",""
"b","PX","w","傤","",""
"b","PO","傤Ȃ","傤Ȃ","`eij",""
"b","OQ","","傤","",""
"b","OR","㋉","傤イ","",""
"b","PT","㋞","傤傤","^",""
"b","PO","ɓI","傤傭Ă","Ȍ`e",""
"b","PQ","","傤","",""
"b","PP","i","傤","",""
"b","OS","","傤","",""
"b","R","","傤","^",""
"b","PP","i","傤","^",""
"b","OT","","傤","",""
"b","bP","ҏ","傤傤","",""
"b","OU","Փ","傤Ƃ","^",""
"b","PV","N","傤˂","",""
"b","PU","","傤΂","",""
"b","OT","","傤Ђ","",""
"b","OS","i","傤Ђ","",""
"b","OV","ܕi","傤Ђ","",""
"b","OQ","","傤","^",""
"b","P","","傤ق","",""
"b","PU","ܖ","傤݂","",""
"b","PR","㗬","傤イ","",""
"b","OR","gp","悤傤","",""
"b","PQ","V[ynEA[","[؂͂[","iŗLjiJ^j",""
"b","OQ","","傫イ","",""
"b","OS","E","傭","",""
"b","PR","E","傭傤","",""
"b","PU","H","傭イǂ","",""
"b","OR","H","傭","",""
"b","bW","","傰","^",""
"b","PQ","ς","ς","`e",""
"b","PR","D","䂤","",""
"b","OQ","","","","K"
"b","PX","m荇","肠","",""
"b","OW","V[Y","[","iJ^j",""
"b","OP","Vo[","΁[","iJ^j",""
"b","OS","Vo[Y","΁[񂬂傤","iJ^j",""
"b","PT","","남","",""
"b","bW","낶","낶","i[ԁj",""
"b","PV","ۂ","ۂ","`eij",""
"b","PS","iw","񂪂","^",""
"b","OV","VL^","񂫂낭","",""
"b","PO","^","񂯂","Ȍ`e",""
"b","Q","[","񂱂","Ȍ`e",""
"b","Q","[","񂱂","",""
"b","PW","V","񂳂","",""
"b","QO","V","񂵂","",""
"b","OV","\","񂹂","^",""
"b","OX","l","񂹂","",""
"b","PX","e","񂹂","",""
"b","PS","VN","񂹂","Ȍ`e",""
"b","PQ","S","񂼂","",""
"b","OR","V","ɂイ","",""
"b","OT","i","","^",""
"b","PP","eF","䂤","",""
"b","PU","M","炢","^",""
"b","PX","Sw","肪","",""
"b","S","zk","","",""
"b","PS","w","","",""
"b","OU","","","",""
"b","PO","","","`e",""
"b","PV","l","ɂ","",""
"b","PV","p","","",""
"b","PO","`","","ڎi@\j","H׉߂"
"b","PO","`D","","ڎiڔj","肢D"
"b","OR","i߂j","","","߂"
"b","OR","","","",""
"b","OR","","","",""
"b","Q","߂","","",""
"b","OU","i","","",""
"b","OQ","","","",""
"b","OU","i߂","߂","","i߂"
"b","OS","","","",""
"b","PQ","_ς","ς","`e",""
"b","PW","ł","ł","",""
"b","OX","Xg[u","Ɓ[","iJ^j",""
"b","OQ","Xg[[","Ɓ[[","iJ^j",""
"b","PT","XgCL","Ƃ炢","iJ^j",""
"b","PW","XpQeB","ςĂ","iJ^j",""
"b","OU","Xs[h","ҁ[","iJ^j",""
"b","QO","Xs[hᔽ","ҁ[ǂ͂","iJ^j",""
"b","PP","ׂ","ׂ","",""
"b","bQ","","ׂ","","XL["
"b","OU","ς܂","܂","",""
"b","OU","ς","","@",""
"b","QO","X[Y","ށ[","Ȍ`e",""
"b","OU","Xbv","","^iJ^j",""
"b","QO","Ⴄ","ꂿ","",""
"b","P","m","","Ȍ`e",""
"b","OP","i","","",""
"b","OR","","","",""
"b","OT","I","","",""
"b","PS","Y","","^",""
"b","PU","","","",""
"b","QO","","","^",""
"b","PP","l","","^",""
"b","PP","l","񂵂","",""
"b","OX","_I","Ă","Ȍ`e",""
"b","OS","iЁj","ij","",""
"b","PP","","傤","^",""
"b","PX","k","","",""
"b","PP","N","˂񂪂","",""
"b","OT","{","","",""
"b","PP","","Ԃ","",""
"b","PQ","","Ԃ","",""
"b","OQ","m","悤","",""
"b","PO","Z[X","[邷","iJ^j",""
"b","PR","Z[X}","[邷܂","iJ^j",""
"b","OV","E","","",""
"b","Q","ΒY","","",""
"b","OW","","","",""
"b","PO","ϋɓI","傭Ă","Ȍ`e",""
"b","QO","Zbg","","^iJ^j","ڊo܂vZbg"
"b","OV","ߖ","₭","^",""
"b","OQ","w","Ȃ","",""
"b","PQ","ZlJ","˂","iŗLjiJ^j",""
"b","PQ","","","",""
"b","QO","S","񂢂","",""
"b","OW","O","񂩂","",""
"b","PQ","I","񂫂","",""
"b","OU","ZT[","񂳁[","iJ^j",""
"b","OS","I","񂵂","",""
"b","PP","I","񂽂","^",""
"b","PO","`","ł","^",""
"b","PP","y","ς","",""
"b","PS","O","͂","@",""
"b","OT","","","",""
"b","PS","p","悤","",""
"b","R","p","悤","",""
"b","PR","","","^",""
"b","PT","I","Ă","Ȍ`e",""
"b","PW","","","",""
"b","PT","z","","^",""
"b","PT","","傤","",""
"b","OR","","Ƃ","",""
"b","OR","","傤","",""
"b","PP","","","",""
"b","OQ","","","Ȍ`e",""
"b","P","̕","̂ւ","","ϓ_"
"b","OP","","","",""
"b","PX","fp","ڂ","Ȍ`e",""
"b","PU","悻","悻","i[ԁj",""
"b","OQ","ꂼ","ꂼ","",""
"b","OV","ł","ł","ڑ","b]"
"b","OR","ł","ł","ڑ","ł́AȂ`"
"b","OS","Ȃ̂","Ȃ̂","ڑ",""
"b","QO","낤","낤","",""
"b","QO","낦","낦","",""
"b","PS","`΁`","","ڎiڔj","R΂S"
"b","PS","`","","ڎij","QO"
"b","OR","`","","ڎiڔj","dCEKXEEdb"
"b","bQ","恛u]","`ڂ","","u]"
"b","PX","ފw","","^",""
"b","PX","w@","񂹂","",""
"b","PX","w","","",""
"b","Q","Cij","イ","",""
"b","PV","ދ","","Ȍ`e",""
"b","PV","̌","","^",""
"b","QO","Ό","","",""
"b","PX","厖","","Ȍ`e",""
"b","PR","","","ij",""
"b","PV","","","ij",""
"b","PS","i`Ɂj΂","","ij",""
"b","OU","ގ","","^",""
"b","OR","̏d","イ","",""
"b","PS","Ώ","傤","",""
"b","PP","ސE","傭","^",""
"b","PS","΂","","","`ɑ΂"
"b","OR","听","","",""
"b","PV","吼m","悤","iŗLj",""
"b","bQ","^Cg","Ƃ","iJ^j",""
"b","PQ","\I","Ђ傤Ă","Ȍ`e",""
"b","P","^Cv","","iJ^j",""
"b","OR","","","",""
"b","Q","啔","ԂԂ","",""
"b","PS","m","ւ悤","iŗLj",""
"b","OT","^CJvZ","ނՂ","iJ^j",""
"b","PR","薼","߂","",""
"b","P","^C","","iJ^j",""
"b","OQ","|","","",""
"b","OS","","","ڑ",""
"b","QO","݂","","",""
"b","OX","܂","܂","",""
"b","OX","߂","߂","@",""
"b","OX","","","ڑ",""
"b","OW","󂭂","炭","",""
"b","PR","","","",""
"b","QO","","","ij",""
"b","PW","","","",""
"b","OS","m","","",""
"b","OV","","","",""
"b","OU","`o","","i@\j","Jn"
"b","QO","","","ij",""
"b","OS","","","",""
"b","OP","q˂","˂","",""
"b","PO","","","","`"
"b","OW","","","",""
"b","OU","`","","ڎiڔj","`lA"
"b","OT","","","","Ԃ"
"b","OX","","","",""
"b","OX","B","","^",""
"b","OX","","","ڑ",""
"b","OT","c","","",""
"b","OR","`","","ڎiڔj","RK"
"b","OX","Ă","Ă","","ڕW"
"b","PS","Ƃ","Ƃ","","Ƃ`Ă"
"b","PQ","Ƃ","Ƃ","",""
"b","OS","Ⴆ","Ƃ","ڑ",""
"b","PQ","Ƃ","Ƃ","",""
"b","R","","̂","`e",""
"b","PQ","","","",""
"b","PR","Hו","ׂ̂","",""
"b","PV","܂","܂","",""
"b","PU","܂","܂","",""
"b","R","ɂȂ","ɂȂ","ij",""
"b","OQ","^[","[","iJ^j",""
"b","PT","`i","","ڎij","_"
"b","OS","P","","",""
"b","PR","P","񂶂","Ȍ`e",""
"b","OV","a","񂶂傤","^",""
"b","PS","ćiʐ^j","񂽂Ⴕ","",""
"b","OU","P","񂿂傤","Ȍ`e",""
"b","Q","g~","Ƃ","",""
"b","PR","jD","䂤","",""
"b","P","i","炭","",""
"b","PS","u`[Yv","[","\","ʐ^̂Ƃ"
"b","Q","mb","","",""
"b","OQ","`FX","","iJ^j",""
"b","OS","Ⴂ","","",""
"b","OU","߂ij","傤炢","`e",""
"b","PW","`߂","","ڎiڔj","炢"
"b","OT","߂Â","Â","",""
"b","Q","n","イ","",""
"b","PT","Ȃ݂","Ȃ݂","ڑ",""
"b","PU","n","ق","",""
"b","OT","`C","Ⴂ","iJ^j",""
"b","PV","Fۂ","Ⴂۂ","`eij",""
"b","S","","","",""
"b","PS","@","イ","@",""
"b","OP","؁ij","イi傤j","",""
"b","OQ","","イイ","",""
"b","QO","Î","イ","",""
"b","PU","{","イ","",""
"b","PQ","ۓI","イ傤Ă","Ȍ`e",""
"b","OU","`","イ","ڎi@\j","T"
"b","Q","","イ","^",""
"b","PW","","イ","^",""
"b","PR","","傤","^",""
"b","OU","","傤","",""
"b","PT","","傤傤","",""
"b","OV","","傤","^",""
"b","OT","a","","",""
"b","OU","Ƃ","Ƃ","`eij",""
"b","PX","n","","",""
"b","OS","`pW[","ς񂶁[","iJ^j",""
"b","OU","","","",""
"b","bQ","ł","łɁ@","",""
"b","PW","","","",""
"b","OS","ʋ","","^",""
"b","PS","ʂ","","i`^j",""
"b","OR","ʖ","₭","^",""
"b","P","߂܂","܂","",""
"b","PP","t","","ij",""
"b","PW","","","",""
"b","QO","`","","ij",""
"b","OU","`","Â","i@\j","p"
"b","OX","Ȃ","Ȃ","",""
"b","OX","Ȃ","Ȃ","",""
"b","OX","Ȃ","Ȃ","",""
"b","PU","Ôg","Ȃ","",""
"b","PV","`ۂ","ۂ","ڎi@\j","ۂ"
"b","OQ","ܐ","܂","",""
"b","PQ","܂","܂","ڑ",""
"b","PO","ς","","",""
"b","OQ","","","",""
"b","PS","","","","Ⴊ"
"b","PU","~J","","",""
"b","PU","~J","䂠","",""
"b","OX","܂","܂","",""
"b","PQ","","","",""
"b","OX","߂","߂","",""
"b","OR","炢","炢","`e",""
"b","PQ","","","i[ԁj",""
"b","PP","o","ł","",""
"b","bW","","Ă","^",""
"b","OQ","cj","ł[[","","PcjAQcj"
"b","OW","fBYj[h","łɁ[","iŗLjiJ^j",""
"b","OR","x","Ă","",""
"b","OU","e[}","ā[","iJ^j",""
"b","PT","e[}p[N","ā[܂ρ[","iJ^j",""
"b","OU","肪Lт","Ă̂т","p",""
"b","OV","oオ","ł","",""
"b","OT","o","ł","",""
"b","PR","K","Ă","",""
"b","PX","K","ĂƂ","",""
"b","OQ","","Ă","",""
"b","PP","fU[g","ł[","iJ^j",""
"b","PR","fUCi[","łȁ[","iJ^j",""
"b","OR","萔","Ă傤","",""
"b","OS","łǂ","łǂ","ڑ",""
"b","PQ","Nw","Ă","",""
"b","PX","NwI","ĂĂ","Ȍ`e",""
"b","OS","S","Ăǂ","",""
"b","QO","O","Ă","^",""
"b","PW","ɓ","Ăɂ","p",""
"b","PW","ɓ","Ăɂ͂","p",""
"b","PW","oO","ł܂","^",""
"b","OS","_","Ă","","ϓ_"
"b","OS","X","Ă񂢂","",""
"b","PV","d","ł񂫂イ","",""
"b","bU","`","ł񂲂","^",""
"b","PV","W","Ă","^",""
"b","OR","W","Ă񂶂傤","",""
"b","PP","]E","Ă񂵂傭","^",""
"b","PP","V_l","Ă񂶂񂳂","iŗLj",""
"b","OR","_","Ă񂷂","",""
"b","QO","d","ł񂿂イ","",""
"b","QO","_","Ă߂","^",""
"b","OS","d́iЁj","ł傭","",""
"b","Q","`x","","ڎiڔj","xiQOxj"
"b","OQ","`","Ƃ","ڎij",""
"b","OX","ėp","Ƃ悤","",""
"b","PU","Cinj","Ƃ","iŗLj",""
"b","OW","^[","Ƃ傤[","iŗLjiJ^j",""
"b","OT","","Ƃ","",""
"b","QO","`m","ǂ","ڎiڔj","^]蓯m"
"b","OX","","ǂ","",""
"b","PO","ǂ悤Ȃ","ǂ悤Ȃ","`eij",""
"b","PR","R","Ƃ","Ȍ`e",""
"b","PS","ǂ","ǂ","","ǂ`悤"
"b","OQ","m","Ƃ悤","",""
"b","QO","l","ǂ悤","",""
"b","PS","","ǂ傤","",""
"b","OR","H","ǂ","",""
"b","OV","","Ƃ","",""
"b","OP","ʂ","Ƃ","","ʂ"
"b","OR","h[","ǁ[ނイ傤","iJ^j",""
"b","PW","`ǂ","ǂ","ڎi@\j",""
"b","bP","s","Ƃ","",""
"b","PV","ǂ","ǂ","",""
"b","PS","ǂǂ","ǂǂ","i[ԁj",""
"b","OT","hL^[","ǂ߂񂽂[","iJ^j",""
"b","PS","","Ƃ","Ȍ`e",""
"b","PV","","Ƃ","Ȍ`e",""
"b","OT","W","Ƃイ","^",""
"b","PP","Ǐ","ǂ","^",""
"b","P","","Ƃ傤","^",""
"b","PQ","Ƃ","Ƃ","",""
"b","Q","n@","Ƃ","",""
"b","S","ǂ","ǂ","","SĂ̏ꏊ"
"b","OQ","Ƃ","Ƃ","","ӏ"
"b","OS","Ƃ낪","Ƃ낪","ڑ",""
"b","PT","oR","Ƃ","^",""
"b","PX","N","Ƃ","","N"
"b","PP","ss","Ƃ","",""
"b","R","Ƃ","Ƃ","",""
"b","OR","N","Ƃ","",""
"b","OT","sS","Ƃ","",""
"b","OU","r","Ƃイ","",""
"b","PS","ǂ炩ƌ","ǂ炩Ƃ","ij",""
"b","PS","ǂ炩ƌ","ǂ炩Ƃ","ij",""
"b","PT","ǉ","ǂ","",""
"b","PW","gbv","Ƃ","iJ^j",""
"b","OV","ƂĂi`Ȃj","ƂĂ","","ƂĂ`Ȃ"
"b","PT","Ƃɂ","Ƃɂ","",""
"b","OV","΂","Ƃ΂","",""
"b","PO","яオ","Ƃт","ij",""
"b","PO","яo","Ƃт","ij",""
"b","OV","","Ƃ","",""
"b","PX","y؁iHwj","ǂڂij","",""
"b","R","","Ƃ","","`ƂƂ"
"b","OQ","g","Ƃ","",""
"b","QO","܂","Ƃ肵܂","",""
"b","PV","gbNA[g","Ƃ[","iJ^j",""
"b","Q","w","ǂ傭","^",""
"b","PP","̂","Ƃ","","̂ʂ"
"b","OX","h","ǂ","iJ^j",""
"b","OX","g[jO","Ƃ[ɂ","^iJ^j",""
"b","OS","hX","ǂꂷ","iJ^j",""
"b","PV","ǂ","ǂ","","S"
"b","R","ƂłȂ","ƂłȂ","`e",""
"b","PQ","ǂǂ","ǂǂ","",""
"b","OQ","e","Ȃ悤","",""
"b","OS","","Ȃ","",""
"b","Q","","Ȃ","",""
"b","PX","","Ȃ","",""
"b","OT","g","Ȃ","",""
"b","OQ","w","Ȃ","",""
"b","PT","ǂ","Ȃ悭","",""
"b","PR","","Ȃ","","̗AԂ̗"
"b","OR","","Ȃ","","A"
"b","OU","","Ȃ","",""
"b","PX","S","Ȃ","",""
"b","QO","Ȃ荇","Ȃ肠","ij",""
"b","OU","Ȃ","Ȃ","",""
"b","PR","","Ȃ","`e",""
"b","OR","[","ȂƂ","",""
"b","PX","[","ȂƂ","^",""
"b","OU","ċx","Ȃ₷","",""
"b","PV","΂","ȂȂ","",""
"b","PP","","Ȃɂ","",""
"b","PW","","Ȃ","",""
"b","PW","","Ȃ܂܂","",""
"b","PP","Y","Ȃ","",""
"b","PP","Y","Ȃ","",""
"b","QO","炷","Ȃ炷","",""
"b","OU","","Ȃ","",""
"b","OW","Ȃق","Ȃق","ԓ",""
"b","Q","","Ȃ񂫂傭","",""
"b","PP","łȂ","ȂłȂ","`eij",""
"b","OS","ȂƂ","ȂƂ","ij",""
"b","OS","ȂƂȂ","ȂƂȂ","ij","ȂƂȂ܂"
"b","OP","ȂƂȂ","ȂƂȂ","",""
"b","PU","k","Ȃڂ","",""
"b","PW","","ɂ","",""
"b","P","G","ɂ","",""
"b","PS","","ɂ","Ȍ`e",""
"b","PQ","","ɂ","",""
"b","OQ","肱Ԃ","ɂ肱Ԃ","",""
"b","OQ","","ɂ","",""
"b","PS","ɂɂ","ɂɂ","i[ԁj",""
"b","Q","_Yf","ɂ񂩂","",""
"b","PW","U","ɂ","",""
"b","PS","{C","ɂق񂩂","iŗLj@",""
"b","OP","{","ɂق񂵂","",""
"b","OQ","{","ɂق񂶂イ","",""
"b","PS","ɂɂ","ɂɂ","i[ԁj",""
"b","QO","w","ɂイ","",""
"b","PP","","ɂイ","^",""
"b","PP","Ў","ɂイႵ","",""
"b","OW","","ɂイ傤","",""
"b","OR","ꗿ","ɂイ傤傤","",""
"b","OQ","","ɂ","",""
"b","PW","ς","ɂ","",""
"b","OS","l","ɂ񂰂","",""
"b","PV","`lO","ɂ܂","ڎij",""
"b","QO","","ʂ","",""
"b","OQ","z","ʂ","",""
"b","PV","h","ʂ","",""
"b","PV","lオ","˂","^",""
"b","PV","l","˂","^",""
"b","OQ","˂","˂","",""
"b","OW","lbNX","˂ꂷ","iJ^j",""
"b","PU","`N","˂񂾂","ڎij",""
"b","OR","N","˂܂","",""
"b","PX","N","˂ꂢ","",""
"b","OS","_","̂傤","",""
"b","Q","Zx","̂","",""
"b","OV","c","̂","",""
"b","OS","悹","̂","",""
"b","OV","ڂ","̂","",""
"b","S","̂","̂","","`"
"b","OT","L΂","̂΂","",""
"b","OT","΂","̂΂","",""
"b","PP","쌴","̂͂","",""
"b","OT","Lт","̂т","",""
"b","OT","т","̂т","",""
"b","OR","","̂ڂ","","Ki"
"b","PW","̂","̂","","C"
"b","QO","߂","̂肷","",""
"b","OV","ڂ","̂","","{ɍڂ"
"b","PO","̂","̂","Ȍ`e",""
"b","PP","̂т","̂т","",""
"b","OU","o[QZ[","΁[񂹁[","iJ^j",""
"b","OR","ip[Zgj","ρ[","iJ^j",""
"b","R","p[gi[","ρ[Ƃȁ[","iJ^j",""
"b","P","i`j{","΂","","Q{AR{"
"b","OP","DF","͂","",""
"b","PU","~J","΂","",""
"b","bW","oCLO","΂","iJ^j",""
"b","OP","oCN","΂","iJ^j",""
"b","OS","nCeNiYƁj","͂Ăi傤j","iJ^j",""
"b","PR","oD","͂䂤","",""
"b","P","","͂","","ЂAт"
"b","R","","͂","",""
"b","Q","΂","΂","^Ȍ`e",""
"b","S","͂","͂","",""
"b","PP","΂炵","΂炵","`e",""
"b","QO","``","͂`","\",""
"b","PX","mے","͂Ă","",""
"b","OV","","͂","^",""
"b","OV","","͂","`e",""
"b","QO","nU[hv","͂[ǂ","iJ^j",""
"b","OR","߂","͂߂","",""
"b","OU","`n߂","͂߂","i@\j","Jn"
"b","PR","oXPbg{[","΂Ƃځ[","iJ^j",""
"b","OW","͂","͂","","\z͂"
"b","PQ","","͂","",""
"b","PT","","͂","",""
"b","PS","","͂炫","",""
"b","OX","͂肷","͂肷","ij",""
"b","Q","","͂","^",""
"b","QO","W","͂Ă","^",""
"b","PS","h","͂","Ȍ`e",""
"b","OQ","͂","͂","",""
"b","OQ","@","͂","",""
"b","QO","b","͂Ȃ","ij",""
"b","bQ","b","͂Ȃ","ij",""
"b","OQ","","͂Ȃ","",""
"b","P","oii","΂Ȃ","iJ^j",""
"b","PX","","͂Ȃ","",""
"b","PQ","H","͂","",""
"b","OT","","͂","",""
"b","PQ","͂܂","͂܂","",""
"b","PO","","΂߂","",""
"b","OQ","","͂","",""
"b","PQ","o","΂","","KN"
"b","OU","","͂炪","p",""
"b","PS","͂͂","͂͂","i[ԁj",""
"b","PU","ςς","ςς","i[ԁj",""
"b","PR","p[h","ς[","^iJ^j",""
"b","PR","o[{[","΂[ځ[","iJ^j",""
"b","OV","z","͂񂪂","",""
"b","OT","a","͂񂯂","",""
"b","OT","","΂񂱂͂񂩂","",""
"b","PW","","͂񂷂","",""
"b","Q","","͂񂻂","",""
"b","OQ","p_","ς","",""
"b","OW","΂","͂񂽂","",""
"b","OX","f","͂񂾂","^",""
"b","OS","nh","͂ǂ","iJ^j",""
"b","P","Ɛl","͂ɂ","",""
"b","R","","͂̂","^",""
"b","P","no[K[","͂΁[[","iJ^j",""
"b","OR","`","","ڎiڔj",""
"b","PS","","Ђ","",""
"b","OX","Q","Ђ","",""
"b","bW","A","Ђ","",""
"b","PQ","","Ђ","",""
"b","PO","ߊϓI","ЂĂ","Ȍ`e",""
"b","OQ","`C","Ђ","ڎij",""
"b","PX","󂯂","Ђ","ij",""
"b","OV","","Ђ","","Z"
"b","OU","Ђ","Ђ","","ԂlЂ"
"b","PO","","Ђ","",""
"b","P","Ђ","Ђ","",""
"b","R","","Ђ","",""
"b","OQ","Ђ","Ђ","",""
"b","OV","sU","҂","iJ^j",""
"b","OQ","Ђ","Ђ","",""
"b","PV","p","т","",""
"b","OR","","Ђ傤","",""
"b","OU","x","Ђ傤ׂ","iJ^j",""
"b","OQ","z","Ђ","",""
"b","17","r^~b","т݂񂵁[","iJ^j",""
"b","OS","MLij","Ђ","",""
"b","OW","qbg","ЂƁ@","^iJ^j",""
"b","PT","S","ЂƂ񂵂","^",""
"b","PO","Ђǂڂɂ","Ђǂ߂ɂ","p",""
"b","OQ","lww","ЂƂ","",""
"b","OU","`l","ЂƂ","",""
"b","OU","Ӓ","ЂƂ΂񂶂イ","",""
"b","PX","l炵","ЂƂ肮炵","",""
"b","PT","̏o","Ђ̂","",""
"b","PU","r[r[","т[т[","i[j",""
"b","P","\","Ђ傤","^",""
"b","OR","\","Ђ傤","^",""
"b","PR","et","т悤","",""
"b","PU","","т傤ǂ","Ȍ`e",""
"b","PT","L","Ђ낪","",""
"b","PT","L","Ђ낰","",""
"b","OX","L܂","Ђ܂","",""
"b","OX","L߂","Ђ߂","",""
"b","OP","sN","҂","iJ^j",""
"b","OS","i","Ђ񂵂","",""
"b","PS","z","Ԃ","Ȍ`e",""
"b","PR","s","ӂ","Ȍ`e",""
"b","R","`ӂ@","ӂ","i@\j","Ȃӂ"
"b","S","i","ӂ","",""
"b","OU","vw","ӂ","",""
"b","QO","s","ӂ","Ȍ`e",""
"b","OX","[܂","ӂ܂","",""
"b","PQ","[","ӂ","",""
"b","OX","[߂","ӂ߂","",""
"b","OU","ӂ","ӂ","","Mӂ"
"b","PS","","ӂ","",""
"b","PT","","ӂ","",""
"b","PV","܂","ӂ","",""
"b","PV","܂߂","ӂ߂","",""
"b","PS","svc","ӂ","Ȍ`e",""
"b","OR","xmR","ӂ","iŗLj",""
"b","PT","","Ԃ","",""
"b","R","sR","ӂ䂤","Ȍ`e",""
"b","PV","wl","ӂ","",""
"b","OS","se","ӂ񂹂","Ȍ`e",""
"b","OX","i`js","Ԃ","","sAQs"
"b","PS","oq","ӂ","",""
"b","OP","ؓ","Ԃɂ","",""
"b","PX","i","ӂ","",""
"b","OU","s","ӂイ","",""
"b","OS","","Ԃ傤","",""
"b","PS","Ԃ","Ԃ","",""
"b","PP","","Ԃ","",""
"b","PR","M","ӂ","",""
"b","PV","","ԂԂ","",""
"b","OP","uE","Ԃ炤","iJ^j",""
"b","OX","vX","Ղ炷","iJ^j","u|ʁv"
"b","OP","ubN","Ԃ","iJ^j",""
"b","OU","ԂԂ","ԂԂ","i[ԁj",""
"b","OS","uh","Ԃ","iJ^j",""
"b","OV","uh","Ԃǂ","iJ^j",""
"b","OT","UԂ","ӂ肩","",""
"b","PV","U","ӂނ","",""
"b","QO","U","ӂ","",""
"b","OP","u[","Ԃ[","iJ^j",""
"b","PQ","t[c","ӂ[","iJ^j",""
"b","QO","u[x[","Ԃ[ׂ[","iJ^j",""
"b","PP","ӂ邳","ӂ邳","","̋"
"b","OR","Ö{","ӂق","",""
"b","OU","u[L","Ԃ[","iJ^j",""
"b","OS","v","Ղ","iJ^j",""
"b","PU","","ӂ","",""
"b","QO","^","Ԃ񂯂","",""
"b","PX","n","Ԃ񂯂","",""
"b","PR","W","Ԃ񂵂イ","",""
"b","P","","Ԃ񂵂傤","",""
"b","OV","`́`","Ԃ","\",""
"b","OV","","Ԃ","",""
"b","PS","wAX^C","ւ","iJ^j",""
"b","Q","","ւ","^",""
"b","Q","N@","ւ˂","",""
"b","PV","","ւ߂","",""
"b","OP","","ׂ","","ʂ́`"
"b","S","ybg{g","؂ƂڂƂ","iJ^j",""
"b","QO","wbhCg","ւǂ炢","iJ^j",""
"b","PW","ʂ","ׂ","",""
"b","PQ","炷","ւ炷","",""
"b","PV","؂؂","؂؂","i[ԁj",""
"b","PU","x_","ׂ","iJ^j",""
"b","PV","wRv^[","ւ肱Ղ[","iJ^j",""
"b","bQ","x","ׂ","iJ^j",""
"b","bW","xg","ׂ","iJ^j",""
"b","PQ","ω","ւ","^",""
"b","PV","yL","؂","iJ^j",""
"b","bV","ύX","ւ񂱂","^",""
"b","OU","x`","ׂ","iJ^j",""
"b","bV","ԕi","ւ҂","^",""
"b","OW","","ق","","lE"
"b","PP","","ق","",""
"b","OX","_","ڂ","",""
"b","PU","","ق","",""
"b","OX","V","قイ","",""
"b","R","ق","ق","",""
"b","OQ","ق^ق","ق","","j"
"b","OS","z[","ف[","iJ^j",""
"b","PO","ق炩","ق炩","Ȍ`e",""
"b","PU","","ق","",""
"b","PU","ג","قȂ","`e",""
"b","OV","zbghbO","قƂǂ","iJ^j",""
"b","PQ","{fB","ڂł","iJ^j",""
"b","QO","{fBQ[W","ڂł񂰁[","iJ^j",""
"b","OX","ق߂","ق߂","",""
"b","OP","zCg","ق킢","iJ^j",""
"b","OP","{","قƂ","",""
"b","P","{l","قɂ","",""
"b","OR","ق","ق","","ق̏Aق̈ꕔ"
"b","OS","{","قԂ","",""
"b","S","ۂۂiƁj","ۂۂ","i[ԁj",""
"b","PW","{","ق","",""
"b","QO","{","ق炢","^",""
"b","OR","܂܂","܂܂","",""
"b","OX","}CiX","܂Ȃ","iJ^j","u|ʁv"
"b","PX","O","܂","",""
"b","PX","C","܂","",""
"b","PW","܂","܂","",""
"b","PW","܂","܂","",""
"b","PP","܂","܂","Ȍ`e",""
"b","PT","܂܂@","܂܂","",""
"b","PS","܂","܂","ڑ",""
"b","R","X","܂","",""
"b","OU","҂킹","܂킹","^",""
"b","QO","ԈႤ","܂","",""
"b","OQ","","܂イ","",""
"b","OP","^","܂","Ȍ`e",""
"b","OP","^","܂","Ȍ`e",""
"b","OW","}bT[W","܂[","^iJ^j",""
"b","OP","^","܂","Ȍ`e",""
"b","OP","^","܂","Ȍ`e",""
"b","OR","S","܂","","S`ȂAS"
"b","OW","S","܂","","S"
"b","OP","}i[","܂ȁ[","iJ^j",""
"b","PT","^","܂Ȃ","",""
"b","PR","w","܂Ȃ","",""
"b","PP","","܂悤","",""
"b","OX","`܂","܂","ڎi@\j","܂"
"b","OP","ۂ","܂邢","`e",""
"b","OQ","܂","܂","",""
"b","PQ","ۂ","܂","",""
"b","PO","","܂񂢂","",""
"b","OV","}K^","܂","",""
"b","PS","","܂񂴂","",""
"b","OR","","܂񂵂","",""
"b","OR","","܂񂵂","",""
"b","OX","","܂񂼂","^",""
"b","OX","","܂񂼂","",""
"b","PQ","`","","ڎiڔj","Â"
"b","R","","݂","",""
"b","OX","~X","݂","iJ^j","ԈႢ"
"b","PP","","݂","",""
"b","PU","","݂","",""
"b","PV","ۂ","݂ۂ","`eij",""
"b","PW","݂`","݂","",""
"b","OQ","`݂","݂","ڎi@\j",""
"b","R","","݂т","",""
"b","QO","ߍ","݂߂","ij",""
"b","R","F߂@","݂Ƃ߂","",""
"b","PR","","݂ǂ","","R"
"b","PU","gɂ","݂ɂ","p",""
"b","PU","gɂ","݂ɂ","p",""
"b","PR","~[WV","݂[","iJ^j",""
"b","PS","`","ނ","ڎiڔj",""
"b","PU","","ނ","",""
"b","Q","","ނ","",""
"b","OQ","","ނ","",""
"b","PP","ނ","ނ","",""
"b","PW","","ނ","",""
"b","PO","ѕt","ނт","ij",""
"b","OW","","ނイ","",""
"b","PW","","ނ߂","",""
"b","OQ","","ނ炶イ","",""
"b","QO","","ނ","",""
"b","OR","`","","ڎiڔj","Ȃ"
"b","PQ","","߂","",""
"b","OS","f","߂킭","Ȍ`e^",""
"b","OS","f","߂킭","",""
"b","OS","[J[","߁[[","iJ^j",""
"b","OQ","[","߁[","^iJ^j",""
"b","PP","ڂȂ","߂Ȃ","p","`ɖڂȂ"
"b","PR","ڎw","߂","",""
"b","OW","W[[O","߂[[","iŗLjiJ^j",""
"b","PQ","bZ[W","߂[","iJ^j",""
"b","PO","`ڂɂ","߂ɂ","p","Ђǂ^ςȖڂɂ"
"b","OX","`߂","߂","ڎiڔj",""
"b","PS","Ɖu","߂񂦂傭","",""
"b","QO","Ƌ","߂񂫂","",""
"b","OS","ʐ","߂񂹂","^",""
"b","OS","ʐڎ","߂񂹂","",""
"b","OU","ړIn","Ă","",""
"b","OX","ڕW","Ђ傤","",""
"b","OS","","","",""
"b","Q","ʂ","ǂ","ij",""
"b","R","","","",""
"b","R","̂","̂","ij",""
"b","PQ","","","",""
"b","OW","Ȃ","Ȃ","`e",""
"b","OR","ł","Ƃ","",""
"b","OT","f","ł","iJ^j","^"
"b","OX","߂","Ƃ߂","",""
"b","P","X","Ƃ","",""
"b","OV","`","","ڎiڔj","uhAjA"
"b","PQ","","̂","",""
"b","OV","Â","̂Â","",""
"b","OP","F","","",""
"b","Q","R₷","₷","",""
"b","PW","","","ij",""
"b","PW","","","",""
"b","OS","","","",""
"b","PQ","Ă","₫ɂ","",""
"b","OR","싅","₫イ傤","",""
"b","PS","","₭","",""
"b","PR","","₭","",""
"b","S","","₭","",""
"b","PV","ۂ","₷ۂ","`eij",""
"b","PU","","₽","",""
"b","OW","ς","ς","",""
"b","PQ","}","Ƃ","",""
"b","OW","͂","͂","",""
"b","OV","j","Ԃ","","L^j"
"b","PS","a","܂","",""
"b","PS","a͋C","܂͂","piƂ킴j",""
"b","OU","RΎ","܂","",""
"b","PT","R","܂","",""
"b","OR","","","",""
"b","OX","C","邫","",""
"b","OU","EC","䂤","",""
"b","PQ","F","䂤傤","",""
"b","OS","Fl","䂤","",""
"b","PS","ፑ","䂫","",""
"b","QO","","䂸","",""
"b","PQ","L","䂽","Ȍ`e",""
"b","QO","f","䂾","^",""
"b","PW","ł","ł","",""
"b","PX","Ƃ","Ƃ","",""
"b","OQ","w","","",""
"b","OQ","w","т","",""
"b","R","","邷","",""
"b","R","h","","",""
"b","PU","閾","悠","",""
"b","PO","zC","悤","Ȍ`e",""
"b","PX","p","悤","",""
"b","bQ","p","悤","",""
"b","OX","vf","悤","",""
"b","P","ct","悤","",""
"b","bW","p","悤ꂢ","",""
"b","OW","\","悩","^",""
"b","PV","悭","悭","","S"
"b","OW","\","悰","^",""
"b","OW","\","悱","^",""
"b","OX","ɂȂ","悱ɂȂ","p",""
"b","OX","悵","悵","ԓ",""
"b","OW","\I","悹","",""
"b","OW","\z","悻","^",""
"b","OW","\","悻","^",""
"b","OW","\m","悿","^",""
"b","PV","bg","","",""
"b","OW","","ς炤","",""
"b","PQ","^}","Ƃ","",""
"b","OU","钆","Ȃ","",""
"b","PP","̒","̂Ȃ","",""
"b","OW","\","","",""
"b","OW","\Z","т","",""
"b","PQ","Ă","","","`ƌĂ"
"b","OW","\h","ڂ","^",""
"b","OX","","","","ǂ`"
"b","bS","","낱","","Łi`j"
"b","OX","܂","܂@","",""
"b","PQ","","","",""
"b","OX","߂","߂","",""
"b","P","`","","ڎiڔj","ނAA"
"b","PW","[","[߂","iJ^j",""
"b","OQ","CI","炢","iJ^j",""
"b","PX","Co","炢΂","iJ^j",""
"b","PS","","炭","",""
"b","PT","","炭","",""
"b","OS","Or[","炮с[","iJ^j",""
"b","PO","yϓI","Ă","Ȍ`e",""
"b","S","x","ׂ","iJ^j",""
"b","PO","N","","^iJ^j",""
"b","OQ","[_[","[[","iJ^j",""
"b","PX","","肩","",""
"b","OS","","肩","^",""
"b","PX","n","肯","",""
"b","OR","`","","ڎiڔj","i"
"b","PV","̓I","Ă","Ȍ`e",""
"b","PR","h","","Ȍ`e",""
"b","PO","s","イ","^",""
"b","PT","bNTbN","","iJ^j",""
"b","OR","`","傤","ڎiڔj","ꗿ"
"b","OT","","傤","",""
"b","OR","","傤","",""
"b","OS","ы","񂬂傤","",""
"b","PR","","ꂢ","",""
"b","OV","0.`","ꂢĂ`","",""
"b","OT","Ⓚ","ꂢƂ","^",""
"b","bV","V[g","ꂵ[","iJ^j",""
"b","PS","","","",""
"b","OP","bh","","iJ^j",""
"b","PU","","Ƃ","",""
"b","OV","x","ׂ","iJ^j",""
"b","QO","|[g","ہ[","iJ^j",""
"b","PQ","","񂠂","^",""
"b","OP","Az","񂻂","^",""
"b","OR","^","񂽂傤","iJ^j",""
"b","PP","V","낤","",""
"b","PQ","낤","낤","",""
"b","PV","Vk","낤","",""
"b","OX","[v","[","iJ^j",""
"b","OQ","{bg","ڂ","iJ^j",""
"b","OQ","`H","","ڎij",""
"b","QO","䂪","킪","",""
"b","PO","킪܂","킪܂","Ȍ`e",""
"b","OX","","킩","",""
"b","S","","킩","",""
"b","PS","킭킭","킭킭","i[ԁj",""
"b","OS","a","킲","",""
"b","QO","킴킴","킴킴","",""
"b","PV","Yۂ","킷ۂ","`eij",""
"b","PO","b","킾","",""
"b","PS","΂","炢","",""
"b","PS","΂ɂ͕","炤ǂɂ͂ӂ","piƂ킴j",""
"b","PS","`","","ڎij",""
"b","PS","","肠","",""
"b","QO","荞","肱","ij",""
"b","OU","","","","KX"
"b","OV","","","","Z"
